Host,IPv6 Address,Status
h21,2001:db8::2/64,benign
h22,2001:db8::3/64,benign
h23,2001:db8::4/64,benign
h24,2001:db8::5/64,benign
h25,2001:db8::6/64,benign
h26,2001:db8::7/64,benign
h27,2001:db8::8/64,benign
h28,2001:db8::9/64,benign
h29,2001:db8::10/64,benign
h210,2001:db8::11/64,benign
h211,2001:db8::12/64,benign
h212,2001:db8::13/64,benign
h213,2001:db8::14/64,benign
h214,2001:db8::15/64,benign
h215,2001:db8::16/64,benign
h216,2001:db8::17/64,benign
h217,2001:db8::18/64,benign
h218,2001:db8::19/64,benign
h219,2001:db8::20/64,benign
h220,2001:db8::21/64,benign
h221,2001:db8::22/64,benign
h222,2001:db8::23/64,benign
h223,2001:db8::24/64,benign
h224,2001:db8::25/64,benign
h225,2001:db8::26/64,benign
h226,2001:db8::27/64,benign
h227,2001:db8::28/64,benign
h228,2001:db8::29/64,benign
h229,2001:db8::30/64,benign
h230,2001:db8::31/64,benign
h231,2001:db8::32/64,benign
h232,2001:db8::33/64,benign
h233,2001:db8::34/64,benign
h234,2001:db8::35/64,benign
h235,2001:db8::36/64,benign
h236,2001:db8::37/64,benign
h237,2001:db8::38/64,benign
h238,2001:db8::39/64,benign
h239,2001:db8::40/64,benign
h240,2001:db8::41/64,benign
h241,2001:db8::42/64,benign
h242,2001:db8::43/64,benign
h243,2001:db8::44/64,benign
h244,2001:db8::45/64,benign
h245,2001:db8::46/64,benign
h246,2001:db8::47/64,benign
h247,2001:db8::48/64,benign
h248,2001:db8::49/64,benign
h249,2001:db8::50/64,benign
h250,2001:db8::51/64,benign
h251,2001:db8::52/64,benign
h252,2001:db8::53/64,benign
h253,2001:db8::54/64,benign
h254,2001:db8::55/64,benign
h255,2001:db8::56/64,benign
h256,2001:db8::57/64,benign
h257,2001:db8::58/64,benign
h258,2001:db8::59/64,benign
h259,2001:db8::60/64,benign
h260,2001:db8::61/64,benign
h261,2001:db8::62/64,benign
h262,2001:db8::63/64,benign
h263,2001:db8::64/64,benign
h264,2001:db8::65/64,benign
h265,2001:db8::66/64,benign
h266,2001:db8::67/64,benign
h267,2001:db8::68/64,benign
h268,2001:db8::69/64,benign
h269,2001:db8::70/64,benign
h270,2001:db8::71/64,benign
h271,2001:db8::72/64,benign
h272,2001:db8::73/64,benign
h273,2001:db8::74/64,benign
h274,2001:db8::75/64,benign
h275,2001:db8::76/64,benign
h276,2001:db8::77/64,benign
h277,2001:db8::78/64,benign
h278,2001:db8::79/64,benign
h279,2001:db8::80/64,benign
h280,2001:db8::81/64,benign
h281,2001:db8::82/64,benign
h282,2001:db8::83/64,benign
h283,2001:db8::84/64,benign
h284,2001:db8::85/64,benign
h285,2001:db8::86/64,benign
h286,2001:db8::87/64,benign
h287,2001:db8::88/64,benign
h288,2001:db8::89/64,benign
h289,2001:db8::90/64,benign
h290,2001:db8::91/64,benign
h291,2001:db8::92/64,benign
h292,2001:db8::93/64,benign
h293,2001:db8::94/64,benign
h294,2001:db8::95/64,benign
h295,2001:db8::96/64,benign
h296,2001:db8::97/64,benign
h297,2001:db8::98/64,benign
h298,2001:db8::99/64,benign
h299,2001:db8::100/64,benign
h2100,2001:db8::101/64,benign
h31,2001:db8::102/64,benign
h32,2001:db8::103/64,benign
h33,2001:db8::104/64,benign
h34,2001:db8::105/64,benign
h35,2001:db8::106/64,benign
h36,2001:db8::107/64,benign
h37,2001:db8::108/64,benign
h38,2001:db8::109/64,benign
h39,2001:db8::110/64,benign
h310,2001:db8::111/64,benign
h311,2001:db8::112/64,benign
h312,2001:db8::113/64,benign
h313,2001:db8::114/64,benign
h314,2001:db8::115/64,benign
h315,2001:db8::116/64,benign
h316,2001:db8::117/64,benign
h317,2001:db8::118/64,benign
h318,2001:db8::119/64,benign
h319,2001:db8::120/64,benign
h320,2001:db8::121/64,benign
h321,2001:db8::122/64,benign
h322,2001:db8::123/64,benign
h323,2001:db8::124/64,benign
h324,2001:db8::125/64,benign
h325,2001:db8::126/64,benign
h326,2001:db8::127/64,benign
h327,2001:db8::128/64,benign
h328,2001:db8::129/64,benign
h329,2001:db8::130/64,benign
h330,2001:db8::131/64,benign
h331,2001:db8::132/64,benign
h332,2001:db8::133/64,benign
h333,2001:db8::134/64,benign
h334,2001:db8::135/64,benign
h335,2001:db8::136/64,benign
h336,2001:db8::137/64,benign
h337,2001:db8::138/64,benign
h338,2001:db8::139/64,benign
h339,2001:db8::140/64,benign
h340,2001:db8::141/64,benign
h341,2001:db8::142/64,benign
h342,2001:db8::143/64,benign
h343,2001:db8::144/64,benign
h344,2001:db8::145/64,benign
h345,2001:db8::146/64,benign
h346,2001:db8::147/64,benign
h347,2001:db8::148/64,benign
h348,2001:db8::149/64,benign
h349,2001:db8::150/64,benign
h350,2001:db8::151/64,benign
h351,2001:db8::152/64,benign
h352,2001:db8::153/64,benign
h353,2001:db8::154/64,benign
h354,2001:db8::155/64,benign
h355,2001:db8::156/64,benign
h356,2001:db8::157/64,benign
h357,2001:db8::158/64,benign
h358,2001:db8::159/64,benign
h359,2001:db8::160/64,benign
h360,2001:db8::161/64,benign
h361,2001:db8::162/64,benign
h362,2001:db8::163/64,benign
h363,2001:db8::164/64,benign
h364,2001:db8::165/64,benign
h365,2001:db8::166/64,benign
h366,2001:db8::167/64,benign
h367,2001:db8::168/64,benign
h368,2001:db8::169/64,benign
h369,2001:db8::170/64,benign
h370,2001:db8::171/64,benign
h371,2001:db8::172/64,benign
h372,2001:db8::173/64,benign
h373,2001:db8::174/64,benign
h374,2001:db8::175/64,benign
h375,2001:db8::176/64,benign
h376,2001:db8::177/64,benign
h377,2001:db8::178/64,benign
h378,2001:db8::179/64,benign
h379,2001:db8::180/64,benign
h380,2001:db8::181/64,benign
h381,2001:db8::182/64,benign
h382,2001:db8::183/64,benign
h383,2001:db8::184/64,benign
h384,2001:db8::185/64,benign
h385,2001:db8::186/64,benign
h386,2001:db8::187/64,benign
h387,2001:db8::188/64,benign
h388,2001:db8::189/64,benign
h389,2001:db8::190/64,benign
h390,2001:db8::191/64,benign
h391,2001:db8::192/64,benign
h392,2001:db8::193/64,benign
h393,2001:db8::194/64,benign
h394,2001:db8::195/64,benign
h395,2001:db8::196/64,benign
h396,2001:db8::197/64,benign
h397,2001:db8::198/64,benign
h398,2001:db8::199/64,benign
h399,2001:db8::200/64,benign
h3100,2001:db8::201/64,benign
h41,2001:db8::202/64,benign
h42,2001:db8::203/64,benign
h43,2001:db8::204/64,benign
h44,2001:db8::205/64,benign
h45,2001:db8::206/64,benign
h46,2001:db8::207/64,benign
h47,2001:db8::208/64,benign
h48,2001:db8::209/64,benign
h49,2001:db8::210/64,benign
h410,2001:db8::211/64,benign
h411,2001:db8::212/64,benign
h412,2001:db8::213/64,benign
h413,2001:db8::214/64,benign
h414,2001:db8::215/64,benign
h415,2001:db8::216/64,benign
h416,2001:db8::217/64,benign
h417,2001:db8::218/64,benign
h418,2001:db8::219/64,benign
h419,2001:db8::220/64,benign
h420,2001:db8::221/64,benign
h421,2001:db8::222/64,benign
h422,2001:db8::223/64,benign
h423,2001:db8::224/64,benign
h424,2001:db8::225/64,benign
h425,2001:db8::226/64,benign
h426,2001:db8::227/64,benign
h427,2001:db8::228/64,benign
h428,2001:db8::229/64,benign
h429,2001:db8::230/64,benign
h430,2001:db8::231/64,benign
h431,2001:db8::232/64,benign
h432,2001:db8::233/64,benign
h433,2001:db8::234/64,benign
h434,2001:db8::235/64,benign
h435,2001:db8::236/64,benign
h436,2001:db8::237/64,benign
h437,2001:db8::238/64,benign
h438,2001:db8::239/64,benign
h439,2001:db8::240/64,benign
h440,2001:db8::241/64,benign
h441,2001:db8::242/64,benign
h442,2001:db8::243/64,benign
h443,2001:db8::244/64,benign
h444,2001:db8::245/64,benign
h445,2001:db8::246/64,benign
h446,2001:db8::247/64,benign
h447,2001:db8::248/64,benign
h448,2001:db8::249/64,benign
h449,2001:db8::250/64,benign
h450,2001:db8::251/64,benign
h451,2001:db8::252/64,benign
h452,2001:db8::253/64,benign
h453,2001:db8::254/64,benign
h454,2001:db8::255/64,benign
h455,2001:db8::256/64,benign
h456,2001:db8::257/64,benign
h457,2001:db8::258/64,benign
h458,2001:db8::259/64,benign
h459,2001:db8::260/64,benign
h460,2001:db8::261/64,benign
h461,2001:db8::262/64,benign
h462,2001:db8::263/64,benign
h463,2001:db8::264/64,benign
h464,2001:db8::265/64,benign
h465,2001:db8::266/64,benign
h466,2001:db8::267/64,benign
h467,2001:db8::268/64,benign
h468,2001:db8::269/64,benign
h469,2001:db8::270/64,benign
h470,2001:db8::271/64,benign
h471,2001:db8::272/64,benign
h472,2001:db8::273/64,benign
h473,2001:db8::274/64,benign
h474,2001:db8::275/64,benign
h475,2001:db8::276/64,benign
h476,2001:db8::277/64,benign
h477,2001:db8::278/64,benign
h478,2001:db8::279/64,benign
h479,2001:db8::280/64,benign
h480,2001:db8::281/64,benign
h481,2001:db8::282/64,benign
h482,2001:db8::283/64,benign
h483,2001:db8::284/64,benign
h484,2001:db8::285/64,benign
h485,2001:db8::286/64,benign
h486,2001:db8::287/64,benign
h487,2001:db8::288/64,benign
h488,2001:db8::289/64,benign
h489,2001:db8::290/64,benign
h490,2001:db8::291/64,benign
h491,2001:db8::292/64,benign
h492,2001:db8::293/64,benign
h493,2001:db8::294/64,benign
h494,2001:db8::295/64,benign
h495,2001:db8::296/64,benign
h496,2001:db8::297/64,benign
h497,2001:db8::298/64,benign
h498,2001:db8::299/64,benign
h499,2001:db8::300/64,benign
h4100,2001:db8::301/64,benign
h51,2001:db8::302/64,benign
h52,2001:db8::303/64,benign
h53,2001:db8::304/64,benign
h54,2001:db8::305/64,benign
h55,2001:db8::306/64,benign
h56,2001:db8::307/64,benign
h57,2001:db8::308/64,benign
h58,2001:db8::309/64,benign
h59,2001:db8::310/64,benign
h510,2001:db8::311/64,benign
h511,2001:db8::312/64,benign
h512,2001:db8::313/64,benign
h513,2001:db8::314/64,benign
h514,2001:db8::315/64,benign
h515,2001:db8::316/64,benign
h516,2001:db8::317/64,benign
h517,2001:db8::318/64,benign
h518,2001:db8::319/64,benign
h519,2001:db8::320/64,benign
h520,2001:db8::321/64,benign
h521,2001:db8::322/64,benign
h522,2001:db8::323/64,benign
h523,2001:db8::324/64,benign
h524,2001:db8::325/64,benign
h525,2001:db8::326/64,benign
h526,2001:db8::327/64,benign
h527,2001:db8::328/64,benign
h528,2001:db8::329/64,benign
h529,2001:db8::330/64,benign
h530,2001:db8::331/64,benign
h531,2001:db8::332/64,benign
h532,2001:db8::333/64,benign
h533,2001:db8::334/64,benign
h534,2001:db8::335/64,benign
h535,2001:db8::336/64,benign
h536,2001:db8::337/64,benign
h537,2001:db8::338/64,benign
h538,2001:db8::339/64,benign
h539,2001:db8::340/64,benign
h540,2001:db8::341/64,benign
h541,2001:db8::342/64,benign
h542,2001:db8::343/64,benign
h543,2001:db8::344/64,benign
h544,2001:db8::345/64,benign
h545,2001:db8::346/64,benign
h546,2001:db8::347/64,benign
h547,2001:db8::348/64,benign
h548,2001:db8::349/64,benign
h549,2001:db8::350/64,benign
h550,2001:db8::351/64,benign
h551,2001:db8::352/64,benign
h552,2001:db8::353/64,benign
h553,2001:db8::354/64,benign
h554,2001:db8::355/64,benign
h555,2001:db8::356/64,benign
h556,2001:db8::357/64,benign
h557,2001:db8::358/64,benign
h558,2001:db8::359/64,benign
h559,2001:db8::360/64,benign
h560,2001:db8::361/64,benign
h561,2001:db8::362/64,benign
h562,2001:db8::363/64,benign
h563,2001:db8::364/64,benign
h564,2001:db8::365/64,benign
h565,2001:db8::366/64,benign
h566,2001:db8::367/64,benign
h567,2001:db8::368/64,benign
h568,2001:db8::369/64,benign
h569,2001:db8::370/64,benign
h570,2001:db8::371/64,benign
h571,2001:db8::372/64,benign
h572,2001:db8::373/64,benign
h573,2001:db8::374/64,benign
h574,2001:db8::375/64,benign
h575,2001:db8::376/64,benign
h576,2001:db8::377/64,benign
h577,2001:db8::378/64,benign
h578,2001:db8::379/64,benign
h579,2001:db8::380/64,benign
h580,2001:db8::381/64,benign
h581,2001:db8::382/64,benign
h582,2001:db8::383/64,benign
h583,2001:db8::384/64,benign
h584,2001:db8::385/64,benign
h585,2001:db8::386/64,benign
h586,2001:db8::387/64,benign
h587,2001:db8::388/64,benign
h588,2001:db8::389/64,benign
h589,2001:db8::390/64,benign
h590,2001:db8::391/64,benign
h591,2001:db8::392/64,benign
h592,2001:db8::393/64,benign
h593,2001:db8::394/64,benign
h594,2001:db8::395/64,benign
h595,2001:db8::396/64,benign
h596,2001:db8::397/64,benign
h597,2001:db8::398/64,benign
h598,2001:db8::399/64,benign
h599,2001:db8::400/64,benign
h5100,2001:db8::401/64,benign
h61,2001:db8::402/64,benign
h62,2001:db8::403/64,benign
h63,2001:db8::404/64,benign
h64,2001:db8::405/64,benign
h65,2001:db8::406/64,benign
h66,2001:db8::407/64,benign
h67,2001:db8::408/64,benign
h68,2001:db8::409/64,benign
h69,2001:db8::410/64,benign
h610,2001:db8::411/64,benign
h611,2001:db8::412/64,benign
h612,2001:db8::413/64,benign
h613,2001:db8::414/64,benign
h614,2001:db8::415/64,benign
h615,2001:db8::416/64,benign
h616,2001:db8::417/64,benign
h617,2001:db8::418/64,benign
h618,2001:db8::419/64,benign
h619,2001:db8::420/64,benign
h620,2001:db8::421/64,benign
h621,2001:db8::422/64,benign
h622,2001:db8::423/64,benign
h623,2001:db8::424/64,benign
h624,2001:db8::425/64,benign
h625,2001:db8::426/64,benign
h626,2001:db8::427/64,benign
h627,2001:db8::428/64,benign
h628,2001:db8::429/64,benign
h629,2001:db8::430/64,benign
h630,2001:db8::431/64,benign
h631,2001:db8::432/64,benign
h632,2001:db8::433/64,benign
h633,2001:db8::434/64,benign
h634,2001:db8::435/64,benign
h635,2001:db8::436/64,benign
h636,2001:db8::437/64,benign
h637,2001:db8::438/64,benign
h638,2001:db8::439/64,benign
h639,2001:db8::440/64,benign
h640,2001:db8::441/64,benign
h641,2001:db8::442/64,benign
h642,2001:db8::443/64,benign
h643,2001:db8::444/64,benign
h644,2001:db8::445/64,benign
h645,2001:db8::446/64,benign
h646,2001:db8::447/64,benign
h647,2001:db8::448/64,benign
h648,2001:db8::449/64,benign
h649,2001:db8::450/64,benign
h650,2001:db8::451/64,benign
h651,2001:db8::452/64,benign
h652,2001:db8::453/64,benign
h653,2001:db8::454/64,benign
h654,2001:db8::455/64,benign
h655,2001:db8::456/64,benign
h656,2001:db8::457/64,benign
h657,2001:db8::458/64,benign
h658,2001:db8::459/64,benign
h659,2001:db8::460/64,benign
h660,2001:db8::461/64,benign
h661,2001:db8::462/64,benign
h662,2001:db8::463/64,benign
h663,2001:db8::464/64,benign
h664,2001:db8::465/64,benign
h665,2001:db8::466/64,benign
h666,2001:db8::467/64,benign
h667,2001:db8::468/64,benign
h668,2001:db8::469/64,benign
h669,2001:db8::470/64,benign
h670,2001:db8::471/64,benign
h671,2001:db8::472/64,benign
h672,2001:db8::473/64,benign
h673,2001:db8::474/64,benign
h674,2001:db8::475/64,benign
h675,2001:db8::476/64,benign
h676,2001:db8::477/64,benign
h677,2001:db8::478/64,benign
h678,2001:db8::479/64,benign
h679,2001:db8::480/64,benign
h680,2001:db8::481/64,benign
h681,2001:db8::482/64,benign
h682,2001:db8::483/64,benign
h683,2001:db8::484/64,benign
h684,2001:db8::485/64,benign
h685,2001:db8::486/64,benign
h686,2001:db8::487/64,benign
h687,2001:db8::488/64,benign
h688,2001:db8::489/64,benign
h689,2001:db8::490/64,benign
h690,2001:db8::491/64,benign
h691,2001:db8::492/64,benign
h692,2001:db8::493/64,benign
h693,2001:db8::494/64,benign
h694,2001:db8::495/64,benign
h695,2001:db8::496/64,benign
h696,2001:db8::497/64,benign
h697,2001:db8::498/64,benign
h698,2001:db8::499/64,benign
h699,2001:db8::500/64,benign
h6100,2001:db8::501/64,benign
h21,2001:db8::2/64,malicious
h22,2001:db8::3/64,malicious
h23,2001:db8::4/64,malicious
h24,2001:db8::5/64,malicious
h25,2001:db8::6/64,malicious
h26,2001:db8::7/64,malicious
h27,2001:db8::8/64,malicious
h28,2001:db8::9/64,malicious
h29,2001:db8::10/64,malicious
h210,2001:db8::11/64,malicious
h211,2001:db8::12/64,malicious
h212,2001:db8::13/64,malicious
h213,2001:db8::14/64,malicious
h31,2001:db8::102/64,malicious
h32,2001:db8::103/64,malicious
h33,2001:db8::104/64,malicious
h34,2001:db8::105/64,malicious
h35,2001:db8::106/64,malicious
h41,2001:db8::202/64,malicious
h42,2001:db8::203/64,malicious
h43,2001:db8::204/64,malicious
h44,2001:db8::205/64,malicious
h45,2001:db8::206/64,malicious
h46,2001:db8::207/64,malicious
h47,2001:db8::208/64,malicious
h48,2001:db8::209/64,malicious
h49,2001:db8::210/64,malicious
h410,2001:db8::211/64,malicious
h411,2001:db8::212/64,malicious
h412,2001:db8::213/64,malicious
h413,2001:db8::214/64,malicious
h414,2001:db8::215/64,malicious
h415,2001:db8::216/64,malicious
h416,2001:db8::217/64,malicious
h417,2001:db8::218/64,malicious
h418,2001:db8::219/64,malicious
h419,2001:db8::220/64,malicious
h420,2001:db8::221/64,malicious
h51,2001:db8::302/64,malicious
h52,2001:db8::303/64,malicious
h53,2001:db8::304/64,malicious
h54,2001:db8::305/64,malicious
h55,2001:db8::306/64,malicious
h56,2001:db8::307/64,malicious
h57,2001:db8::308/64,malicious
h58,2001:db8::309/64,malicious
h59,2001:db8::310/64,malicious
h510,2001:db8::311/64,malicious
h511,2001:db8::312/64,malicious
h512,2001:db8::313/64,malicious
h513,2001:db8::314/64,malicious
h514,2001:db8::315/64,malicious
h515,2001:db8::316/64,malicious
h516,2001:db8::317/64,malicious
h517,2001:db8::318/64,malicious
h518,2001:db8::319/64,malicious
h519,2001:db8::320/64,malicious
h520,2001:db8::321/64,malicious
h521,2001:db8::322/64,malicious
h522,2001:db8::323/64,malicious
h523,2001:db8::324/64,malicious
h524,2001:db8::325/64,malicious
h525,2001:db8::326/64,malicious
h61,2001:db8::402/64,malicious
h62,2001:db8::403/64,malicious
h63,2001:db8::404/64,malicious
h64,2001:db8::405/64,malicious
h65,2001:db8::406/64,malicious
h66,2001:db8::407/64,malicious
h67,2001:db8::408/64,malicious
h68,2001:db8::409/64,malicious
h69,2001:db8::410/64,malicious
h610,2001:db8::411/64,malicious
h611,2001:db8::412/64,malicious
h612,2001:db8::413/64,malicious
h613,2001:db8::414/64,malicious
h614,2001:db8::415/64,malicious
h615,2001:db8::416/64,malicious
h616,2001:db8::417/64,malicious
h617,2001:db8::418/64,malicious
